{
  "lr_0.8_momentum_0.5_h_neurons_15": {
    "train_mse_loss": 0.00837871892949175,
    "validation_mse_loss": 0.008132983191153244,
    "train_rmse_loss": 0.07481917145195911,
    "validation_rmse_loss": 0.07357352478339405
  },
  "lr_1.0_momentum_0.5_h_neurons_15": {
    "train_mse_loss": 0.008456058217872629,
    "validation_mse_loss": 0.008166040829275356,
    "train_rmse_loss": 0.07523388130954124,
    "validation_rmse_loss": 0.0736433648695153
  },
  "lr_0.8_momentum_0.5_h_neurons_5": {
    "train_mse_loss": 0.008403206082428252,
    "validation_mse_loss": 0.00811348295776472,
    "train_rmse_loss": 0.07497266753885462,
    "validation_rmse_loss": 0.07365170550202059
  },
  "lr_0.25_momentum_0.9_h_neurons_15": {
    "train_mse_loss": 0.008593105348189443,
    "validation_mse_loss": 0.008117633785201866,
    "train_rmse_loss": 0.07608429829222779,
    "validation_rmse_loss": 0.073652200348744
  },
  "lr_1.0_momentum_0.5_h_neurons_10": {
    "train_mse_loss": 0.008489672104610803,
    "validation_mse_loss": 0.00812163376060142,
    "train_rmse_loss": 0.07550603378318066,
    "validation_rmse_loss": 0.0736734834946593
  },
  "lr_1.0_momentum_0.1_h_neurons_5": {
    "train_mse_loss": 0.00831335128671788,
    "validation_mse_loss": 0.008129919715808506,
    "train_rmse_loss": 0.07449675041393351,
    "validation_rmse_loss": 0.07368607528254639
  },
  "lr_1.0_momentum_0.5_h_neurons_5": {
    "train_mse_loss": 0.008469666795552222,
    "validation_mse_loss": 0.008180920435245547,
    "train_rmse_loss": 0.07529020664628217,
    "validation_rmse_loss": 0.07371650647623933
  },
  "lr_0.5_momentum_0.5_h_neurons_10": {
    "train_mse_loss": 0.008279985391760161,
    "validation_mse_loss": 0.00813591633347361,
    "train_rmse_loss": 0.07430401907808702,
    "validation_rmse_loss": 0.07378659602675253
  },
  "lr_0.8_momentum_0.5_h_neurons_10": {
    "train_mse_loss": 0.008413190264194603,
    "validation_mse_loss": 0.008126371724004017,
    "train_rmse_loss": 0.07508892963336501,
    "validation_rmse_loss": 0.07378672916518458
  },
  "lr_0.25_momentum_0.9_h_neurons_10": {
    "train_mse_loss": 0.00863055313623363,
    "validation_mse_loss": 0.008139173749443004,
    "train_rmse_loss": 0.07626441992830472,
    "validation_rmse_loss": 0.0737938852763253
  },
  "lr_0.25_momentum_0.9_h_neurons_5": {
    "train_mse_loss": 0.008639597866550195,
    "validation_mse_loss": 0.008143937354694777,
    "train_rmse_loss": 0.07630403976236404,
    "validation_rmse_loss": 0.07379881715658689
  },
  "lr_1.0_momentum_0.1_h_neurons_15": {
    "train_mse_loss": 0.008301950661667876,
    "validation_mse_loss": 0.008141696444919381,
    "train_rmse_loss": 0.0744333891410598,
    "validation_rmse_loss": 0.07379963611565309
  },
  "lr_0.8_momentum_0.1_h_neurons_15": {
    "train_mse_loss": 0.008264556814460628,
    "validation_mse_loss": 0.00814227090415348,
    "train_rmse_loss": 0.07422207987215768,
    "validation_rmse_loss": 0.07383579860293234
  },
  "lr_0.5_momentum_0.5_h_neurons_15": {
    "train_mse_loss": 0.00826774039857888,
    "validation_mse_loss": 0.00814656946006933,
    "train_rmse_loss": 0.07422709297831546,
    "validation_rmse_loss": 0.07385064777221283
  },
  "lr_0.8_momentum_0.1_h_neurons_10": {
    "train_mse_loss": 0.008272064666093247,
    "validation_mse_loss": 0.008141605655618203,
    "train_rmse_loss": 0.07431852772858603,
    "validation_rmse_loss": 0.07387010220371032
  },
  "lr_1.0_momentum_0.1_h_neurons_10": {
    "train_mse_loss": 0.008323270841142469,
    "validation_mse_loss": 0.008156541069704329,
    "train_rmse_loss": 0.07458213276833886,
    "validation_rmse_loss": 0.07402189136257183
  },
  "lr_0.8_momentum_0.1_h_neurons_5": {
    "train_mse_loss": 0.008279238962096806,
    "validation_mse_loss": 0.008173111037691073,
    "train_rmse_loss": 0.0743542871053748,
    "validation_rmse_loss": 0.07412262126486684
  },
  "lr_0.1_momentum_0.5_h_neurons_5": {
    "train_mse_loss": 0.008308454037976025,
    "validation_mse_loss": 0.008268807440485741,
    "train_rmse_loss": 0.07432999006175191,
    "validation_rmse_loss": 0.07417208420509105
  },
  "lr_0.25_momentum_0.5_h_neurons_5": {
    "train_mse_loss": 0.008218623950100578,
    "validation_mse_loss": 0.008183914525829627,
    "train_rmse_loss": 0.07402507477676412,
    "validation_rmse_loss": 0.07419239004306613
  },
  "lr_0.5_momentum_0.5_h_neurons_5": {
    "train_mse_loss": 0.008322474847448974,
    "validation_mse_loss": 0.008186063869014836,
    "train_rmse_loss": 0.07460049902331853,
    "validation_rmse_loss": 0.07419257840392814
  },
  "lr_0.25_momentum_0.1_h_neurons_10": {
    "train_mse_loss": 0.008240978554267702,
    "validation_mse_loss": 0.00821314363443917,
    "train_rmse_loss": 0.07409038629294275,
    "validation_rmse_loss": 0.07419596583730467
  },
  "lr_0.25_momentum_0.1_h_neurons_15": {
    "train_mse_loss": 0.008260474550090432,
    "validation_mse_loss": 0.008229318906125108,
    "train_rmse_loss": 0.07416433837879265,
    "validation_rmse_loss": 0.07424383838560208
  },
  "lr_0.5_momentum_0.1_h_neurons_15": {
    "train_mse_loss": 0.008211988205203632,
    "validation_mse_loss": 0.00819368655721672,
    "train_rmse_loss": 0.07398763997282125,
    "validation_rmse_loss": 0.07424493373853214
  },
  "lr_0.5_momentum_0.1_h_neurons_10": {
    "train_mse_loss": 0.008214536029734971,
    "validation_mse_loss": 0.008195253377815582,
    "train_rmse_loss": 0.07399563298174627,
    "validation_rmse_loss": 0.07424670954077256
  },
  "lr_0.25_momentum_0.5_h_neurons_15": {
    "train_mse_loss": 0.008221161705313772,
    "validation_mse_loss": 0.008191024839194738,
    "train_rmse_loss": 0.07403010487596023,
    "validation_rmse_loss": 0.07424797051608578
  },
  "lr_0.25_momentum_0.9_h_neurons_2": {
    "train_mse_loss": 0.008742163037801096,
    "validation_mse_loss": 0.008225807987414496,
    "train_rmse_loss": 0.07673200403477058,
    "validation_rmse_loss": 0.07426701340616555
  },
  "lr_0.25_momentum_0.5_h_neurons_10": {
    "train_mse_loss": 0.008219056410787727,
    "validation_mse_loss": 0.008194480025706868,
    "train_rmse_loss": 0.0740252736008492,
    "validation_rmse_loss": 0.07428742560655058
  },
  "lr_1.0_momentum_0.1_h_neurons_2": {
    "train_mse_loss": 0.00862227529872854,
    "validation_mse_loss": 0.008245598251015928,
    "train_rmse_loss": 0.07614949737889563,
    "validation_rmse_loss": 0.07431399185442492
  },
  "lr_1.0_momentum_0.5_h_neurons_2": {
    "train_mse_loss": 0.008633960731082434,
    "validation_mse_loss": 0.008237474607789676,
    "train_rmse_loss": 0.07615874916532679,
    "validation_rmse_loss": 0.07432454041102614
  },
  "lr_0.5_momentum_0.5_h_neurons_2": {
    "train_mse_loss": 0.008572213820217752,
    "validation_mse_loss": 0.008253242940082669,
    "train_rmse_loss": 0.07588697594994626,
    "validation_rmse_loss": 0.07435399949853937
  },
  "lr_0.5_momentum_0.1_h_neurons_5": {
    "train_mse_loss": 0.008242730807434097,
    "validation_mse_loss": 0.008226228706416512,
    "train_rmse_loss": 0.074146791887324,
    "validation_rmse_loss": 0.07441890499930108
  },
  "lr_0.8_momentum_0.5_h_neurons_2": {
    "train_mse_loss": 0.008545992295537253,
    "validation_mse_loss": 0.0082504080080382,
    "train_rmse_loss": 0.07570541986702706,
    "validation_rmse_loss": 0.07444076429515203
  },
  "lr_0.8_momentum_0.9_h_neurons_5": {
    "train_mse_loss": 0.009739654461383754,
    "validation_mse_loss": 0.008348152584735877,
    "train_rmse_loss": 0.08177335725381903,
    "validation_rmse_loss": 0.07444520504685882
  },
  "lr_0.1_momentum_0.5_h_neurons_2": {
    "train_mse_loss": 0.008392400333268197,
    "validation_mse_loss": 0.008363641464335492,
    "train_rmse_loss": 0.07466638754489176,
    "validation_rmse_loss": 0.07453801279513263
  },